{"Creeper":{"pos_x":928.5,"pos_y":191.0,"pos_z":125.5,"yaw":-82.9522476196289,"pitch":28.79999542236328,"dimension":"overworld","gamemode":"survival","flying":false},"nvwu":{"pos_x":-1004.7750970634933,"pos_y":186.0,"pos_z":-795.4933057314598,"yaw":-96.45228576660156,"pitch":4.799990653991699,"dimension":"overworld","gamemode":"survival","flying":false},"slm":{"pos_x":-848.5,"pos_y":190.0,"pos_z":-584.5,"yaw":-164.25277709960938,"pitch":7.650051593780518,"dimension":"overworld","gamemode":"survival","flying":false}}